{
	"menu_id" : "label",
	"parent_menu" : "options",
	"title" : "VoidUI_label_title",
	"priority" : 6,
	"items" : [
		{
			"type" : "label",
			"parent" : "enable_labels",
			"title" : "VoidUI_label"
		},
		{
			"type" : "toggle",
			"id" : "enable_labels",
			"is_parent" : true,
			"title" : "VoidUI_enable_labels_title",
			"description" : "VoidUI_enable_labels_desc",
			"default_value" : true
		},
		{
			"type" : "toggle",
			"id" : "label_jokers",
			"parent" : "enable_labels",
			"title" : "VoidUI_jokernames_title",
			"description" : "VoidUI_jokernames_desc",
			"default_value" : true
		},
		{
			"type" : "toggle",
			"id" : "health_jokers",
			"parent" : "enable_labels",
			"title" : "VoidUI_jokerhealth_title",
			"description" : "VoidUI_jokerhealth_desc",
			"default_value" : true
		},
		{
			"type" : "slider",
			"id" : "label_scale",
			"parent" : "enable_labels",
			"title" : "VoidUI_label_scale_title",
			"description" : "VoidUI_label_scale_desc",
			"percentage" : true,
			"default_value" : 1,
			"max" : 2,
			"min" : 0.65,
			"step" : 2
		},
		{
			"type" : "toggle",
			"id" : "label_upper",
			"parent" : "enable_labels",
			"title" : "VoidUI_label_upper_title",
			"description" : "VoidUI_label_upper_desc",
			"default_value" : false
		},
		{
			"type" : "toggle",
			"id" : "label_minmode",
			"is_parent" : true,
			"parent" : "enable_labels",
			"title" : "VoidUI_minlabel_title",
			"description" : "VoidUI_minlabel_desc",
			"default_value" : true
		},
		{
			"type" : "slider",
			"id" : "label_minscale",
			"parent" : ["enable_labels", "label_minmode"],
			"title" : "VoidUI_label_minscale_title",
			"description" : "VoidUI_label_minscale_desc",
			"percentage" : true,
			"default_value" : 1,
			"max" : 2,
			"min" : 0.65,
			"step" : 2
		},
		{
			"type" : "slider",
			"id" : "label_minmode_dist",
			"parent" : ["enable_labels", "label_minmode"],
			"title" : "VoidUI_mindist_title",
			"description" : "VoidUI_mindist_desc",
			"suffix" : "m",
			"default_value" : 7,
			"max" : 30,
			"min" : 0,
			"step" : 0
		},
		{
			"type" : "slider",
			"id" : "label_minmode_dot",
			"parent" : ["enable_labels", "label_minmode"],
			"title" : "VoidUI_mindot_title",
			"description" : "VoidUI_mindot_desc",
			"suffix" : "m",
			"default_value" : 1,
			"max" : 2,
			"min" : 0.1,
			"step" : 1
		},
		{
			"type" : "divider"
		},
		{
			"type" : "label",
			"parent" : "enable_waypoints",
			"title" : "VoidUI_waypoints"
		},
		{
			"type" : "toggle",
			"id" : "enable_waypoints",
			"is_parent" : true,
			"title" : "VoidUI_enable_waypoints_title",
			"description" : "VoidUI_enable_waypoints_desc",
			"default_value" : true
		},
		{
			"type" : "slider",
			"id" : "waypoint_scale",
			"parent" : "enable_waypoints",
			"title" : "VoidUI_waypoint_scale_title",
			"description" : "VoidUI_waypoint_scale_desc",
			"percentage" : true,
			"default_value" : 0.8,
			"max" : 2,
			"min" : 0.65,
			"step" : 2

		},
		{
			"type" : "toggle",
			"id" : "label_waypoint_offscreen",
			"parent" : "enable_waypoints",
			"title" : "VoidUI_waypoint_offscreen_title",
			"description" : "VoidUI_waypoint_offscreen_desc",
			"default_value" : false
		},
		{
			"type" : "slider",
			"id" : "waypoint_radius",
			"parent" : "enable_waypoints",
			"title" : "VoidUI_waypoint_radius_title",
			"description" : "VoidUI_waypoint_radius_desc",
			"suffix" : "m",
			"default_value" : 160,
			"max" : 340,
			"min" : 100,
			"step" : 2
		}
		
	]
}
