{
	"menu_id" : "hudteammate",
	"parent_menu" : "options",
	"title" : "VoidUI_hudteammate_title",
	"priority" : 2,
	"items" : [
		{
			"type" : "toggle",
			"id" : "teammate_panels",
			"is_parent" : true,
			"title" : "VoidUI_teammate_panels_title",
			"description" : "VoidUI_teammate_panels_decs",
			"default_value" : true
		},
		{
			"type" : "divider"
		},
		{
			"type" : "label",
			"title" : "VoidUI_main_panel",
			"parent" : "teammate_panels"
		},
		{
			"type" : "slider",
			"id" : "hud_main_scale",
			"parent" : "teammate_panels",
			"title" : "VoidUI_main_scale_title",
			"description" : "VoidUI_main_scale_desc",
			"percentage" : true,
			"default_value" : 1,
			"max" : 2,
			"min" : 0.65,
			"step" : 2
		},
		{
			"type" : "multiple_choice",
			"id" : "main_health",
			"parent" : "teammate_panels",
			"title" : "VoidUI_main_health_title",
			"description" : "VoidUI_main_health_desc",
			"items" : [
				"VoidUI_disabled", 
				"VoidUI_health_percentage", 
				"VoidUI_health_real"
			],
			"default_value" : 2
		},
		{
			"type" : "slider",
			"id" : "main_anim_time",
			"parent" : "teammate_panels",
			"title" : "VoidUI_main_anim_time_title",
			"description" : "VoidUI_main_anim_time_desc",
			"suffix" : "s",
			"default_value" : 0.2,
			"max" : 0.5,
			"min" : 0.0,
			"step" : 2
		},
		{
			"type" : "multiple_choice",
			"id" : "main_armor",
			"parent" : "teammate_panels",
			"title" : "VoidUI_armor_title",
			"description" : "VoidUI_armor_desc",
			"items" : [
				"VoidUI_disabled", 
				"VoidUI_health_percentage", 
				"VoidUI_health_real"
			],
			"default_value" : 2
		},
		{
			"type" : "toggle",
			"id" : "totalammo",
			"parent" : "teammate_panels",
			"title" : "VoidUI_total_title",
			"description" : "VoidUI_total_decs",
			"default_value" : true
		},
		{
			"type" : "toggle",
			"id" : "main_loud",
			"parent" : "teammate_panels",
			"title" : "VoidUI_main_loud_title",
			"description" : "VoidUI_main_loud_desc",
			"default_value" : true
		},
		{
			"type" : "toggle",
			"id" : "main_stealth",
			"parent" : "teammate_panels",
			"title" : "VoidUI_main_stealth_title",
			"description" : "VoidUI_main_stealth_desc",
			"default_value" : true
		},
		{
			"type" : "toggle",
			"id" : "ammo_pickup",
			"parent" : "teammate_panels",
			"title" : "VoidUI_ammo_pickup_title",
			"description" : "VoidUI_ammo_pickup_desc",
			"default_value" : true
		},
		{
			"type" : "divider"
		},
		{
			"type" : "label",
			"title" : "VoidUI_mate_panel",
			"parent" : "teammate_panels"
		},
		{
			"type" : "slider",
			"id" : "hud_mate_scale",
			"parent" : "teammate_panels",
			"title" : "VoidUI_mate_scale_title",
			"description" : "VoidUI_mate_scale_desc",
			"percentage" : true,
			"default_value" : 1,
			"max" : 2,
			"min" : 0.65,
			"step" : 2
		},
		{
			"type" : "multiple_choice",
			"id" : "mate_health",
			"parent" : "teammate_panels",
			"title" : "VoidUI_main_health_title",
			"description" : "VoidUI_mate_health_desc",
			"items" : [
				"VoidUI_disabled", 
				"VoidUI_health_percentage", 
				"VoidUI_health_real"
			],
			"default_value" : 2
		},
		{
			"type" : "slider",
			"id" : "mate_anim_time",
			"parent" : "teammate_panels",
			"title" : "VoidUI_main_anim_time_title",
			"description" : "VoidUI_mate_anim_time_desc",
			"suffix" : "s",
			"default_value" : 0.2,
			"max" : 0.5,
			"min" : 0.0,
			"step" : 2
		},
		{
			"type" : "multiple_choice",
			"id" : "mate_armor",
			"parent" : "teammate_panels",
			"title" : "VoidUI_armor_title",
			"description" : "VoidUI_mate_armor_desc",
			"items" : [
				"VoidUI_disabled", 
				"VoidUI_health_percentage", 
				"VoidUI_health_real"
			],
			"default_value" : 2
		},
		{
			"type" : "toggle",
			"id" : "mate_loud",
			"parent" : "teammate_panels",
			"title" : "VoidUI_mate_loud_title",
			"description" : "VoidUI_mate_loud_desc",
			"default_value" : true
		},
		{
			"type" : "toggle",
			"id" : "mate_stealth",
			"parent" : "teammate_panels",
			"title" : "VoidUI_mate_stealth_title",
			"description" : "VoidUI_mate_stealth_desc",
			"default_value" : true
		},
		{
			"type" : "toggle",
			"id" : "mate_name",
			"parent" : "teammate_panels",
			"title" : "VoidUI_mate_name_title",
			"description" : "VoidUI_mate_name_desc",
			"default_value" : true
		},
		{
			"type" : "toggle",
			"id" : "mate_upper",
			"parent" : "teammate_panels",
			"title" : "VoidUI_label_upper_title",
			"description" : "VoidUI_label_upper_desc",
			"default_value" : false
		},
		{
			"type" : "toggle",
			"id" : "mate_interact",
			"parent" : "teammate_panels",
			"title" : "VoidUI_mate_interact_title",
			"description" : "VoidUI_mate_interact_desc",
			"default_value" : true
		},
		{
			"type" : "multiple_choice",
			"id" : "mate_show",
			"parent" : "teammate_panels",
			"title" : "VoidUI_mate_show_title",
			"description" : "VoidUI_mate_show_desc",
			"items" : [
				"VoidUI_disabled", 
				"VoidUI_not_ai", 
				"VoidUI_show"
			],
			"default_value" : 3
		}
	]
}
