{
	"menu_id" : "interact",
	"parent_menu" : "options",
	"title" : "VoidUI_interact_title",
	"priority" : 6,
	"items" : [
		{
			"type" : "label",
			"parent" : "enable_interact",
			"title" : "VoidUI_interact"
		},
		{
			"type" : "toggle",
			"id" : "enable_interact",
			"is_parent" : true,
			"title" : "VoidUI_enable_interact_title",
			"description" : "VoidUI_enable_interact_desc",
			"default_value" : true
		},
		{
			"type" : "slider",
			"id" : "interact_scale",
			"parent" : "enable_interact",
			"title" : "VoidUI_interact_scale_title",
			"description" : "VoidUI_interact_scale_desc",
			"percentage" : true,
			"default_value" : 1,
			"max" : 2,
			"min" : 0.65,
			"step" : 2
		},
		{
			"type" : "slider",
			"id" : "interact_y",
			"parent" : "enable_interact",
			"title" : "VoidUI_interact_y_title",
			"description" : "VoidUI_interact_y_desc",
			"default_value" : 40,
			"max" : 240,
			"min" : -340,
			"step" : 0
		},
		{
			"type" : "toggle",
			"id" : "show_interact",
			"parent" : "enable_interact",
			"title" : "VoidUI_interacttime_title",
			"description" : "VoidUI_interacttime_desc",
			"default_value" : true
		},
		{
			"type" : "divider"
		},
		{
			"type" : "label",
			"parent" : "enable_suspicion",
			"title" : "VoidUI_suspicion"
		},
		{
			"type" : "toggle",
			"id" : "enable_suspicion",
			"is_parent" : true,
			"title" : "VoidUI_enable_suspicion_title",
			"description" : "VoidUI_enable_suspicion_desc",
			"default_value" : true
		},
		{
			"type" : "slider",
			"id" : "suspicion_scale",
			"parent" : "enable_suspicion",
			"title" : "VoidUI_suspicion_scale_title",
			"description" : "VoidUI_suspicion_scale_desc",
			"percentage" : true,
			"default_value" : 1,
			"max" : 2,
			"min" : 0.65,
			"step" : 2
		},
		{
			"type" : "slider",
			"id" : "suspicion_y",
			"parent" : "enable_suspicion",
			"title" : "VoidUI_suspicion_y_title",
			"description" : "VoidUI_suspicion_y_desc",
			"default_value" : 160,
			"max" : 300,
			"min" : -300,
			"step" : 0
		}
		
	]
}
