{
	"VoidUI_endless_assault" : "끝없는 경찰 돌입",
	"VoidUI_jowi" : "윅",
	"VoidUI_chico" : "토니",
	"VoidUI_assault_1" : "메딕백을 찾는 어리석은 변질자",
	"VoidUI_assault_2" : "이 메시지는 진짜입니다",
	"VoidUI_assault_3" : "엉덩이를 끝내기 위해 캡틴을 먹어라",
	"VoidUI_assault_4" : ":csdmad:",
	"VoidUI_assault_5" : "어쨌든 이 티커는 얼마나 오래가요?",
	"VoidUI_assault_6" : "경보기가 울렸어, 시작이야",
	"VoidUI_assault_7" : "클로커와 불도저 소환중",
	"VoidUI_assault_8" : "믿을 수 없는 빠른 속도로 매우 빠른 VR 히스터 탭",
	"VoidUI_assault_9" : "지난 몇 년 동안 이 엉터리 모델에 관심을 보여 주신 모든 분들께 감사드립니다 <3",
	"VoidUI_assault_10" : "젠장, 그 망할 요리사들이 필요했어",
	"VoidUI_assault_11" : "VoidUI는 이제 에픽게임즈 스토어 독점입니다",
	"VoidUI_assault_12" : "사망회귀한",
	"VoidUI_assault_13" : "잘 자라 아메리카!",
	"VoidUI_assault_14" : "실제로 이것을 시도해 보세요",
	"VoidUI_assault_15" : "iceman78772를 위한 무료 카르마",
	"VoidUI_assault_16" : "당신은 모드사용으로 치트를 쓰고있습니다",
	"VoidUI_assault_17" : "지역 스트리머가 재미있는 이스터 에그 라인이 되다",
	"VoidUI_assault_18" : "우리는 Hoxton을 되찾아야 한다",
	"VoidUI_assault_19" : "GTFO도 시도해 보십시오",
	"VoidUI_assault_20" : "사격 개시!",
	"VoidUI_assault_21" : "당신은 게임에서 쫓겨났습니다",
	"VoidUI_assault_22" : "비밀 돌입 메시지는 겉만 번지르르한 것이다",
	"VoidUI_assault_23" : "충돌 횟수가 60% 증가했습니다",
	"VoidUI_assault_24" : "안정적인 30FPS로 작동중",
	"VoidUI_assault_25" : "계란",
	"VoidUI_assault_26" : "돌입 배너가 뜨기전에 무릎을 꿇으십시오!",
	
	"VoidUI_options_title" : "Void UI",
	"VoidUI_options_desc" : "Void UI의 모양과 느낌 사용자 지정",
	"VoidUI_ingame_hud" : "인게임 허드",  
	"VoidUI_interface" : "유저 인터페이스",  
	"VoidUI_extras" : "엑스트라",	
	"VoidUI_hud_scale_title" : "글로벌 허드 규모",
	"VoidUI_hud_scale_desc" : "모든 허드 요소의 규모입니다 \n요소의 크기를 별도로 조정할 수도 있습니다",
	"VoidUI_outlines_title" : "조커별 색상 윤곽선",
	"VoidUI_outlines_desc" : "전향한 경찰들의 윤곽이 주인의 색깔과 일치하도록 합니다",
	"VoidUI_assault_lines_title" : "돌입 경보",
	"VoidUI_assault_lines_desc" : "다음 공격이 임박했음을 경고하는 내레이터 응답을 추가합니다\n\n[사용 안 함: 알림 안 함]\n[가볍게: 30초 경고]\n[표준: 30초, 20초, 10초 경고]",
	"VoidUI_reset_title" : "리셋 옵션",
	"VoidUI_reset_desc" : "모든 옵션을 기본값으로 재설정",
	"VoidUI_reset_confirm" : "Void UI를 기본 구성으로 재설정하시겠습니까? 이것은 되돌릴 수 없습니다",
	"VoidUI_warning_title" : "옵션 변경",
	"VoidUI_warning_desc" : "변경 내용 중 일부는 다음 하이스트 시까지 적용되지 않을 수 있습니다",
	"VoidUI_warning_confirm" : "다시 경고 안 함",
	"VoidUI_tooltip_reset" : "기본값으로 설정 $BTN_RESET",
	"VoidUI_tooltip_reset_cnt" : "$BTN_RESET 기본값으로 설정",
	"VoidUI_tooltip_steps" : "$BTN_STEP 큰 단계",
	
	"VoidUI_hudteammate_title" : "플레이어 및 팀원 패널",
	"VoidUI_hudteammate_desc" : "귀하와 동료의 허드 패널 관련 옵션",
	"VoidUI_teammate_panels_title" : "플레이어 및 팀 동료 패널 사용",
	"VoidUI_teammate_panels_decs" : "보이드 UI의 사용자 지정 플레이어 및 팀 동료 패널 사용",
	
	"VoidUI_main_panel" : "메인 플레이어 패널",	
	"VoidUI_main_scale_title" : "플레이어 패널 규모",
	"VoidUI_main_scale_desc" : "허드 패널의 규모",	
	"VoidUI_main_health_title" : "체력 값 표시",
	"VoidUI_main_health_desc" : "이모드는 현재 체력값을 표시해줍니다\n\n[사용 안 함: 표시 안 함]\n[퍼센테이지: 현재/전체 상태의 퍼센테이지]\n[실제 값: 현재 보유하고 있는 실제 체력의 양]",
	"VoidUI_main_anim_time_title" : "체력 애니메이션 시간",
	"VoidUI_main_anim_time_desc" : "치료/손상 발생 시 상태 변화 애니메이션의 시간(초당)",
	"VoidUI_armor_title" : "아머 값 보여주기",
	"VoidUI_armor_desc" : "이모드는 현재 아머값을 표시해줍니다\n\n[사용 안 함: 표시 안 함]\n[퍼센테이지: 현재/총 방어구 퍼센테이지]\n[실제 값: 현재 보유하고 있는 실제 아머량]",
	"VoidUI_total_title" : "실제 총알",  	    
	"VoidUI_total_decs" : "총 탄약 대신 예비 탄약의 양을 표시합니다",	
	"VoidUI_main_loud_title" : "다운수 표시",  	    
	"VoidUI_main_loud_desc" : "유치장에 가기전에 남은 다운수를 표시합니다 (라우드만)",
	"VoidUI_main_stealth_title" : "바디백 표시",  	    
	"VoidUI_main_stealth_desc" : "남은 바디백 수 표시(스텔스 전용)",	
	"VoidUI_ammo_pickup_title" : "탄약 픽업 표시",  	    
	"VoidUI_ammo_pickup_desc" : "주운 탄약의 양을 표시합니다",		
	"VoidUI_main_fg_title" : "전경 색상",  	    
	"VoidUI_main_fg_desc" : "메인 플레이어 패널에 있는 윤곽선, 텍스트 및 장비 아이콘의 색상",	

	"VoidUI_mate_panel" : "팀원 패널",	
	"VoidUI_mate_scale_title" : "팀원 패널 규모",
	"VoidUI_mate_scale_desc" : "팀원들의 허드 패널 크기",   
	"VoidUI_mate_health_desc" : "이모드는 팀원들의 체력 값을 표시해줍니다\n\n[사용 안 함: 표시 안 함]\n[퍼센테이지: 현재/전체 체력의 퍼센테이지]\n[실제 값:  현재 보유하고 있는 실제 체력량]",
	"VoidUI_mate_anim_time_desc" :  "치료/대미지 입을시 팀원들의 체력 변화 애니메이션 시간(초당)",
	"VoidUI_mate_armor_desc" : "이모드는 팀원들의 현재 방어구 값을 표시해줍니다\n\n[사용 안 함: 표시 안 함]\n[퍼센테이지: 현재/총 아머의 퍼센테이지]\n[실제 가치: 현재 보유하고 있는 실제 아머량]",
	"VoidUI_mate_loud_title" : "다운수 표시",  	    
	"VoidUI_mate_loud_desc" : "팀원들이 구류되기 전에 남은 다운타임을 표시합니다(라우드만)",
	"VoidUI_mate_stealth_title" : "발각 위협도 표시",  	    
	"VoidUI_mate_stealth_desc" : "체력바에 팀원들의 발각 위협도 표시(스텔스 전용)",	
	"VoidUI_mate_name_title" : "플레이어 랭크 및 레벨 표시",  	    
	"VoidUI_mate_name_desc" : "팀원의 악명 등급 및 플레이어 이름 앞에 레벨 표시",
	"VoidUI_mate_interact_title" : "상호작용 시간", 
	"VoidUI_mate_interact_desc" : "팀원 상호 작용의 남은 시간 표시",	
	"VoidUI_mate_show_title" : "팀원 패널 표시",
	"VoidUI_mate_show_desc" : "팀원 패널이 표시되는 방법 \n\n[숨기기: 팀원들에게 허드 패널을 보여주지 않습니다]\n[플레이어만: AI 팀원 허드 패널 숨기기]\n[표시: AI와 플레이어 팀원 모두를 위한 허드 패널 표시]",  		
	"VoidUI_fire_auto" : "자동",
	"VoidUI_fire_semi" : "반자동",
	"VoidUI_fire_burst" : "버스트",
	
	"VoidUI_objectives_title" : "습격 타이머 & 목표 ",
	"VoidUI_objectives_desc" : "습격 타이머 및 목표패널 설정",
	"VoidUI_objectives_scale_title" : "패널 규모",
	"VoidUI_objectives_scale_desc" : "하이스트 타이머와 오브젝트 둘의 규모",
	"VoidUI_objectives_show_timer_title" : "하이스트 타이머 보기",
	"VoidUI_objectives_show_timer_desc" : "타이머 패널 표시 또는 숨기기 \n\n[숨기기: 표시 안 함]\n[탭 화면: 탭 화면이 열려 있는 동안만 표시]\n[보기: 항상 표시]",
	"VoidUI_timer_panel" : "습격 타이머",
	"VoidUI_enable_timer_title" : "타이머 패널 사용",
	"VoidUI_enable_timer_desc" : "Void UI의 사용자 지정 하이스트 타이머 사용",
	"VoidUI_levelname_title" : "하이스트의 날짜",
	"VoidUI_levelname_desc" : "하이스트의 현재 날짜 이름 표시",
	"VoidUI_ghost_title" : "스텔스 아이콘 표시",
	"VoidUI_ghost_desc" : "스텔스하는것인지 아닌지 표시합니다 실패시 빨간유령이 됩니다 ",
	"VoidUI_loot_title" : "확보한 전리품 표시",
	"VoidUI_loot_desc" : "하이스트 진행 동안 확보한 전리품 수 표시",
	"VoidUI_objectives_panel" : "오브젝트 패널",
	"VoidUI_enable_objectives_title" : "오브젝트 패널 활성화",
	"VoidUI_enable_objectives_desc" : "Void UI의 사용자 지정 목표 패널 사용",
	"VoidUI_objective_history_title" : "오브젝트 내역",
	"VoidUI_objective_history_desc" : "표시할 수 있는 과거 오브젝트의 양",
	"VoidUI_objectives_show_title" : "오브젝트 패널 표시",
	"VoidUI_objectives_show_desc" : "오브젝트 패널 표시 또는 숨기기 \n\n[숨기기: 표시 안 함]\n[탭 화면: 탭 화면이 열려 있는 동안만 표시]\n[보기: 항상 표시]",
	
	"VoidUI_assault_title" : "돌입 패널",
	"VoidUI_assault_desc" : "돌입 패널 관련 옵션",	
	"VoidUI_enable_assault_title" : "돌입 패널 사용",
	"VoidUI_enable_assault_decs" : "Void UI의 사용자 지정 공격 패널 사용",
	"VoidUI_assault_scale_title" : "패널 규모",
	"VoidUI_assault_scale_desc" : "돌입 패널 규모",
	"VoidUI_badge_title" : "경찰 뱃지",
	"VoidUI_badge_desc" : "돌입 중 경찰 뱃지 아이콘 표시",
	"VoidUI_badge_anim_title" : "뱃지 펄스 애니메이션",
	"VoidUI_badge_anim_desc" : "화려한 '맥박' 효과로 경찰 배지를 애니메이션화합니다",
	"VoidUI_hostages_title" : "인질 구분",
	"VoidUI_hostages_desc" : "민간인 및 경찰 인질들을 별도의 패널에 표시(라우드만)",
	"VoidUI_pagers_title" : "남은 페이저 표시",
	"VoidUI_pagers_desc" : "남은 페이저 수 표시(스텔스 전용)\n이 기능이 올바르게 작동하려면 처음부터 하이스트를 플레이해야 합니다",
	"VoidUI_jammer_title" : "재머 타이머 표시",
	"VoidUI_jammer_desc" : "배치된 ECM 재머의 배터리 수명 표시(스텔스만)\n\n[숨기기: 표시 안 함]\n[먼저 놓인것 표시: 여러 재머가 활성 상태인 경우 가장 오래된 재머 표시]\n[나중에 놓인것 표시: 여러 재머가 활성 상태인 경우 새 재머 표시]",
	
	"VoidUI_chat_clipboard" : "메시지가 클립보드에 복사됨",
	"VoidUI_chat_title" : "플레이어 채팅",
	"VoidUI_chat_desc" : "플레이어 대화와 관련된 옵션",
	"VoidUI_text_chat"	: "텍스트 채팅",
	"VoidUI_enable_chat_title" : "텍스트 대화 사용",
	"VoidUI_enable_chat_decs" : "Void UI의 사용자 지정 텍스트 대화 사용",
	"VoidUI_chat_scale_title" : "채팅 규모",
	"VoidUI_chat_scale_desc" : "플레이어 채팅의 규모",
	"VoidUI_chat_mouse_title" : "마우스 사용",
	"VoidUI_chat_mouse_desc" : "채팅을 사용할 때 마우스 잠금을 해제합니다 마우스 잠금을 해제하면 더 쉽게 스크롤하고 메시지를 복사할 수 있습니다",
	"VoidUI_charactername_title" : "하이스터 표시",
	"VoidUI_charactername_desc" : "메시지 보낸 사람이 어떤 하이스터인지 플레이중 괄호 안에 표시",
	"VoidUI_chattime_title" : "시간 표시",
	"VoidUI_chattime_desc" : "메시지를 보낸 시간을 표시합니다 \n\n[숨기기: 표시 안 함]\n[게임 시간: 현재 하이스트가 시작된 이후의 시간]\n[시스템 시간: PC에 표시되는 실시간 시간]",
	"VoidUI_chat_copy_title" : "메시지 복사",
	"VoidUI_chat_copy_desc" : "마우스 오른쪽 단추를 누를 때 클립보드에 복사되는 대화 메시지 부분",
	"VoidUI_voice_chat"	: "보이스 챗",
	"VoidUI_enable_voice_title" : "보이스 채팅 패널을 활성화합니다",
	"VoidUI_enable_voice_decs" : "Void UI의 맞춤형 음성채팅으로 표시해줍니다",
	"VoidUI_voice_scale_title" : "인디케이터 규모",
	"VoidUI_voice_scale_desc" : "채터 인디케이터의 규모를 표시합니다",
	"VoidUI_voice_name_title" : "이름보이기",
	"VoidUI_voice_name_desc" : "채팅하는 유저의 닉네임 표시합니다",
	
	"VoidUI_label_title" : "라벨과 웨이포인트",
	"VoidUI_label_desc" : "떠있는 라벨과 웨이포인트 관련 옵션",	
	"VoidUI_label" : "이름 라벨",
	"VoidUI_enable_labels_title" : "이름 라벨 사용",
	"VoidUI_enable_labels_desc" : "Void UI의 사용자 지정 이름 라벨 사용",
	"VoidUI_jokernames_title" : "조커 라벨",
	"VoidUI_jokernames_desc" : "전환된 경찰에 대한 이름 라벨 추가",
	"VoidUI_jokerhealth_title" : "조커 체력",
	"VoidUI_jokerhealth_desc" : "이름 라벨에 전환된 경찰의 체력 표시",
	"VoidUI_label_scale_title" : "이름 라벨 규모",
	"VoidUI_label_scale_desc" : "이름 라벨의 규모",
	"VoidUI_label_upper_title" : "대문자 이름",
	"VoidUI_label_upper_desc" : "이름을 모두 대문자로 표시",
	"VoidUI_minlabel_title" : "라벨 최소화 모드(최소화 모드)",
	"VoidUI_minlabel_desc" : "이름 라벨은 소유자가 멀리 있거나 사용자가 직접 보지 않을 때 더 작아집니다",
	"VoidUI_label_minscale_title" : "이름 라벨 최소화 모드 규모",
	"VoidUI_label_minscale_desc" : "최소화 모드에서 이름 라벨의 규모",
	"VoidUI_minrank_title" : "최소화 모드에서 등급 및 레벨 표시",
	"VoidUI_minrank_desc" : "레이블이 최소화 모드일 때 팀원들의 악명 등급 및 플레이어 레벨 표시",
	"VoidUI_mindist_title" : "최소화 모드 거리",
	"VoidUI_mindist_desc" : "이름 레이블이 최소화 모드로 전환되어야 하는 거리(미터당)",
	"VoidUI_mindot_title" : "최소화 모드 영역 규모 사용 안 함",
	"VoidUI_mindot_desc" : "라벨에서 최소화 모드를 일시적으로 비활성화하려면 다른 플레이어를 직접 봐야 합니다",
	"VoidUI_waypoints" : "웨이포인트",
	"VoidUI_enable_waypoints_title" : "웨이포인트 활성화 ",
	"VoidUI_enable_waypoints_desc" : "Void UI의 사용자 지정 웨이포인트 활성화",
	"VoidUI_waypoint_scale_title" : "웨이포인트 규모",
	"VoidUI_waypoint_scale_desc" : "객관적인 웨이포인트 및 인식 마커의 규모",
	"VoidUI_waypoint_radius_title" : "오프스크린 웨이포인트 오프셋",
	"VoidUI_waypoint_radius_desc" : "소스가 보이지 않을 때 화면 중앙에서 오프스크린 웨이포인트가 얼마나 멀리 떨어져 있는지 보여줍니다",
	"VoidUI_waypoint_offscreen_title" : "오프스크린 웨이포인트 표시",
	"VoidUI_waypoint_offscreen_desc" : "소스가 보이지 않을 때 웨이포인트 표시",
	
	"VoidUI_interact_title" : "상호 작용 및 감지",
	"VoidUI_interact_desc" : "상호 작용 패널 및 발각 패널과 관련된 옵션",
	"VoidUI_interact" : "상호작용 패널",
	"VoidUI_enable_interact_title" : "상호작용 패널 활성화",
	"VoidUI_enable_interact_desc" : "Void UI의 사용자 정의 상호 작용 패널 활성화",
	"VoidUI_interact_scale_title" : "상호작용 규모",
	"VoidUI_interact_scale_desc" : "상호작용 패널의 규모",
	"VoidUI_interact_y_title" : "상호작용 패널 Y 위치",
	"VoidUI_interact_y_desc" : "화면 중앙에서 상호작용 패널의 수직 위치",
	"VoidUI_interacttime_title" : "상호작용 시간",
	"VoidUI_interacttime_desc" : "상호작용의 남은 시간을 표시합니다",
	"VoidUI_suspicion" : "발각 패널",
	"VoidUI_enable_suspicion_title" : "발각 패널 활성화",
	"VoidUI_enable_suspicion_desc" : "Void UI의 커스텀 스텔스 발각 패널 활성화",
	"VoidUI_suspicion_y_title" : "발각 패널 Y 위치",
	"VoidUI_suspicion_y_desc" : "화면 중앙에서 발각 패널의 수직 위치",
	"VoidUI_suspicion_scale_title" : "발각 규모",
	"VoidUI_suspicion_scale_desc" : "발각 패널의 규모",
		
	"VoidUI_stats_title" : "통계 화면",
	"VoidUI_stats_desc" : "TAB 통계 화면 관련 옵션",
	"VoidUI_enable_stats_title" : "통계 화면 활성화",
	"VoidUI_enable_stats_desc" : "Void UI의 사용자 정의 통계 화면 활성화",
	"VoidUI_scoreboard_scale_title" : "통계 패널 규모",
	"VoidUI_scoreboard_scale_desc" : "통계 패널의 규모",
	"VoidUI_blur_title" : "배경화면 블러",
	"VoidUI_blur_desc" : "통계 패널이 열려 있을 때 배경 흐리게 처리",
	"VoidUI_scoreboard_maxlevel_title" : "최대 레벨일 때 xp 표시",
	"VoidUI_scoreboard_maxlevel_desc" : "레벨 100일 때 경험치 표시줄 표시",
	"VoidUI_scoreboard" : "스코어보드",
	"VoidUI_scoreboard_title" : "스코어보드 활성화",
	"VoidUI_scoreboard_desc" : "당신과 당신의 팀원에 대한 통계를 볼 수 있는 통계 화면에 스코어보드를 추가하세요",
	"VoidUI_scoreboard_accuracy_title" : "명중률 표시",
	"VoidUI_scoreboard_accuracy_desc" : "현재진행중인 날짜의 적중 정확도 표시",
	"VoidUI_scoreboard_delay_title" : "거래 지연 표시",
	"VoidUI_scoreboard_delay_desc" : "구금된 경우 거래되기까지 얼마나 기다려야 하는지 보여줍니다",
	"VoidUI_scoreboard_character_title" : "하이스터 표시",
	"VoidUI_scoreboard_character_desc" : "플레이어가 플레이하고 있는 하이스터의 가면을 보여줍니다",
	"VoidUI_scoreboard_skills_title" : "스킬 표시",
	"VoidUI_scoreboard_skills_desc" : "플레이어가 각 스킬 트리에서 사용한 스킬 포인트 수 표시",
	"VoidUI_scoreboard_kills_title" : "킬수 표시",
	"VoidUI_scoreboard_kills_desc" : "플레이어가 죽인 경찰관의 수를 표시합니다\n\n[사용 안 함: 표시 안 함]\n[특수 제외: 죽인 특수 킬을 일반 킬로 계산하지 않음]\n[특수 기능 포함: 특수 기능을 일반 킬로 카운트]",
	"VoidUI_scoreboard_specials_title" : "특경 킬수 표시",
	"VoidUI_scoreboard_specials_desc" : "플레이어가 죽인 특수 경찰의 양 표시",
	"VoidUI_scoreboard_civs_title" : "시민 킬 표시",
	"VoidUI_scoreboard_civs_desc" : "플레이어가 죽인 시민 수 표시",
	"VoidUI_scoreboard_downs_title" : "다운 횟수 표시",
	"VoidUI_scoreboard_downs_desc" : "플레이어가 다운된 횟수 표시",
	"VoidUI_scoreboard_weapons_title" : "무기/봇의 마스크 표시",
	"VoidUI_scoreboard_weapons_desc" : "플레이어의 기본, 보조(봇용 마스크) 및 근거리 무기 표시",
	"VoidUI_scoreboard_armor_title" : "아머 표시",
	"VoidUI_scoreboard_armor_desc" : "플레이어의 장비된 아머를 보여줍니다",
	"VoidUI_scoreboard_skins_title" : "무기스킨 표시",
	"VoidUI_scoreboard_skins_desc" : "플레이어의 무기에 적용된 스킨 표시\n\n[사용 안 함: 무기 스킨을 보여주지 않음]\n[레어도: 무기 뒤에 스킨 레어도 아이콘 표시]\n[레어도 없음: 스킨 레어도 아이콘을 표시하지 않음]",
	"VoidUI_scoreboard_perk_title" : "퍽과 크루능력 표시",
	"VoidUI_scoreboard_perk_desc" : "장착된 퍽 덱과 플레이어의 레벨 표시(봇의 경우 크루 능력)",
	"VoidUI_scoreboard_playtime_title" : "플레이타임 및 크루부스트 표시",
	"VoidUI_scoreboard_playtime_desc" : "프로필 및 게임 시간이 공개되어 있는 경우 플레이어의 페이데이 시간 표시(봇의 경우 크루 부스트)",
	"VoidUI_scoreboard_ping_title" : "지연 시간/ping 표시",
	"VoidUI_scoreboard_ping_desc" : "다른 플레이어 대기 시간 표시",
	"VoidUI_ping_frequency_title" : "지연 시간 업데이트 빈도",
	"VoidUI_ping_frequency_desc" : "ping 값이 업데이트되는 빈도(초당)",
	"VoidUI_scoreboard_toggle_title" : "토글 버튼",
	"VoidUI_scoreboard_toggle_desc" : "점수판과 추적된 도과 사이를 전환하는 버튼",
	"VoidUI_error" : "스팀 오류",
	"VoidUI_private" : "비공개 프로필",
	"VoidUI_hidden" : "플레이타임 가림",
	"VoidUI_player" : "플레이어",
	"VoidUI_kills" : "처치수",
	"VoidUI_specials" : "스페셜",
	"VoidUI_civs" : "시민",
	"VoidUI_downs" : "다운수",
	"VoidUI_perk" : "퍽덱",
	"VoidUI_playtime" : "플레이타임",
	"VoidUI_ping" : "핑",
	"VoidUI_nosong" : "아무것도 아닌",
	
	"VoidUI_presenter_title" : "알림",
	"VoidUI_presenter_desc" : "hud 알림 관련 옵션",
	"VoidUI_enable_presenter_title" : "프레젠터 알림 사용",
	"VoidUI_enable_presenter_desc" : "Void UI의 사용자 지정 프레젠터 알림 사용",
	"VoidUI_presenter_scale_title" : "알림 패널 규모",
	"VoidUI_presenter_scale_desc" : "프레젠터 알림 패널의 규모",
	"VoidUI_presenter_buffer_title" : "최대 프레젠터",
	"VoidUI_presenter_buffer_desc" : "동시에 볼 수 있는 최대 알림 양",
	"VoidUI_presenter_sound_title" : "알림 소리 사용 안 함",
	"VoidUI_presenter_sound_desc" : "힌트 및 알림이 나타날 때 효과음 재생 사용 안 함",
	"VoidUI_presenter_panel" : "프레젠터 알림",
	"VoidUI_hint_panel" : "힌트 알림",
	"VoidUI_enable_hint_title" : "힌트 패널을 사용하도록 설정합니다",
	"VoidUI_enable_hint_desc" : "보이드 UI의 사용자 지정 힌트 패널을 사용하십시오",
	"VoidUI_hint_scale_title" : "텍스트 규모",
	"VoidUI_hint_scale_desc" : "힌트 텍스트의 규모",
	"VoidUI_hint_anim_title" : "힌트 애니메이션",
	"VoidUI_hint_anim_desc" : "화려한 '점프 아웃' 효과의 애니메이션 힌트",
	"VoidUI_hint_color_title" : "힌트 색상",
	"VoidUI_hint_color_desc" : "힌트에서 팀 동료 이름 색 지정",
	"VoidUI_vape_hints_title" : "태그팀 알림",
	"VoidUI_vape_hints_desc" : "태그 팀별로 태그를 지정할 때 힌트 알림을 표시합니다 또한 몇 초의 긴 윤곽선을 추가합니다",	
	"VoidUI_challanges_panel" : "챌린지 알림",
	"VoidUI_enable_challanges_title" : "챌린지 알림 사용",
	"VoidUI_enable_challanges_desc" : "Void UI의 사용자 지정 질문 알림 사용",
	"VoidUI_hint_challanges_desc" : "챌린지 알림 패널 규모",
	
	"VoidUI_tag_team_owner" : "당신은 태그되었습니다 $NAME!",
	"VoidUI_tag_team_owner_joker" : "다음의 조커에 태그를 지정했습니다 $NAME!",
	"VoidUI_tag_team_tagged" : "$NAME 태그했습니다!",
	
	"VoidUI_subtitles_title" : "자막",
	"VoidUI_subtitles_desc" : "자막 관련 옵션",
	"VoidUI_enable_subtitles_title" : "자막 사용",
	"VoidUI_enable_subtitles_desc" : "Void UI의 사용자 지정 자막 사용",
	"VoidUI_subtitle_scale_title" : "자막 크기",
	"VoidUI_subtitle_scale_desc" : "자막의 크기",
	"VoidUI_subtitles_bg_title" : "배경화면 스타일",
	"VoidUI_subtitles_bg_desc" : "자막의 배경 스타일\n\n[사용 안 함: 배경 없음]\n[드롭 섀도: 자막에 그림자 텍스트를 제공합니다]\n[단색: 자막의 배경에는 색 상자가 있습니다]",
	
	"VoidUI_blackscreen_title" : "하이스터 소개 및 로드 화면",
	"VoidUI_blackscreen_desc" : "하이스트 인트로(검은 화면) 및 로딩 화면 관련 옵션",
	"VoidUI_blackscreen" : "하이스트 인트로",
	"VoidUI_enable_blackscreen_title" : "하이스트 인트로 사용",
	"VoidUI_enable_blackscreen_desc" : "Void UI의 사용자 지정 하이스트 인트로(검은 화면) 사용",
	"VoidUI_blackscreen_map_title" : "현재 날짜 표시",
	"VoidUI_blackscreen_map_desc" : "하이스트의 현재 날짜 이름 표시",
	"VoidUI_blackscreen_risk_title" : "난이도 이름 표시",
	"VoidUI_blackscreen_risk_desc" : "현재 플레이 중인 난이도의 이름 표시",
	"VoidUI_blackscreen_skull_title" : "난이도 아이콘 표시",
	"VoidUI_blackscreen_skull_desc" : "난이도에 따라 아이콘 표시",
	"VoidUI_blackscreen_linger_title" : "하이스트 인트로에서 페이드",
	"VoidUI_blackscreen_linger_desc" : "게임에 대한 하이스트 소개에서 페이드",
	"VoidUI_blackscreen_time_title" : "인트로 타임 스킵",
	"VoidUI_blackscreen_time_desc" : "소개를 건너뛸 때까지 Enter 키를 누르고 있어야 하는 시간",
	"VoidUI_skip_blackscreen"	:	"누르세요 $BTN_ACCEPT 스킵하기위해서",
	"VoidUI_loading_others"		:	"그리고 $PLAYERS 누군가",
	"VoidUI_loading" : "로딩 스크린",
	"VoidUI_enable_loadingscreen_title" : "화면 로드 사용",
	"VoidUI_enable_loadingscreen_desc" : "Void UI의 사용자 지정 로드 화면 사용",
	"VoidUI_loading_heistinfo_title" : "하이스트 정보",
	"VoidUI_loading_heistinfo_desc" : "하이스트 관련 정보(예: 이름, 계약자 및 선택된 난이도) 표시",
	"VoidUI_loading_players_title" : "연결된 플레이어",
	"VoidUI_loading_players_desc" : "연결된 플레이어의 이름 표시",
	"VoidUI_loading_briefing_title" : "하이스트 브리핑",
	"VoidUI_loading_briefing_desc" : "하이스트에 대한 계약자 브리핑을 보여줍니다",

	"VoidUI_joining_title" : "참가 플레이어",
	"VoidUI_joining_desc" : "드롭인 클라이언트 패널 참여와 관련된 옵션",
	"VoidUI_enable_joining_title" : "플레이어 패널 참여 사용",
	"VoidUI_enable_joining_desc" : "Void UI의 사용자 정의 결합 드롭다운 클라이언트 패널 사용",
	"VoidUI_joining_rank_desc" : "가입 플레이어의 레벨 및 악명 등급 표시",
	"VoidUI_joining_time_title" : "남은 시간 표시",
	"VoidUI_joining_time_desc" : "플레이어가 들어올 때까지 예상 시간 표시",
	"VoidUI_joining_border_title" : "색상 조인 패널",
	"VoidUI_joining_border_desc" : "전체 패널은 들어오는 플레이어 피어 색상을 사용합니다",
	"VoidUI_joining_anim_title" : "패널 애니메이션",
	"VoidUI_joining_anim_desc" : "패널의 애니메이션 스타일\n\n[정적: 애니메이션하지 않음]\n[회전 중: 패널이 천천히 왼쪽 또는 오른쪽으로 회전합니다]\n[펄스: 패널이 천천히 증가하거나 축소됩니다]\n[회전 및 펄스: 패널이 동시에 회전하고 펄스를 발생시킵니다]",
	"VoidUI_joining_mods_title" : "설치된 모드 표시",
	"VoidUI_joining_mods_desc" : "설치된 들어온 플레이어 모드 표시",
	"VoidUI_joining_mods_scale_title" : "모드 규모",
	"VoidUI_joining_mods_scale_desc" : "설치된 mods 패널의 규모",
	"VoidUI_joining_drawing_title" : "그림쟁이 활성화",
	"VoidUI_joining_drawing_desc" : "Ctrl + 왼쪽 마우스 버튼을 눌러 들어오는 화면에 그릴 수 있습니다",
	
	"VoidUI_disabled" : "숨기기",
	"VoidUI_ecm_first" : "먼저 놓인것",
	"VoidUI_ecm_last" : "나중에 놓인것",
	"VoidUI_health_percentage" : "퍼센테이지",
	"VoidUI_health_real" : "실제값",
	"VoidUI_gametime" : "게임 시간",
	"VoidUI_realtime" : "시스템 시간",
	"VoidUI_disable" : "비활성화",
	"VoidUI_chat_message" : "플레이어의 메시지만",
	"VoidUI_chat_name" : "플레이어: 메시지",
	"VoidUI_chat_character" : "하이스터: 메시지",
	"VoidUI_chat_name_character" : "플레이어 (하이스터): 메시지",
	"VoidUI_assault_lines_30sec" : "가벼운",
	"VoidUI_assault_lines_every10sec" : "표준",
	"VoidUI_nonspecial" : "특수 제외",
	"VoidUI_withspecial" : "특수 포함",
	"VoidUI_rarity" : "레어도 와",
	"VoidUI_norarity" : "레어도 없이",
	"VoidUI_on_scoreboard"	:"탭스크린",
	"VoidUI_show" : "보기",
	"VoidUI_subtitles_shadow" : "드롭 섀도우",
	"VoidUI_subtitles_fill" : "단색",
	"VoidUI_jump" : "점프 키",
	"VoidUI_crouch" : "앉기 키",
	"VoidUI_rmb" : "우클릭",
	"VoidUI_joining_anim_off" : "정적",
	"VoidUI_joining_anim_rot" : "회전",
	"VoidUI_joining_anim_grow" : "펄스",
	"VoidUI_joining_anim_full" : "회전 및 펄스",
	"VoidUI_red" : "레드",
	"VoidUI_green" : "그린",
	"VoidUI_blue" : "블루",
	"VoidUI_not_ai" : "오직 플레이어만 "
	
}
