{
	"VoidUI_endless_assault" : "Бесконечный полицейский штурм",
	"VoidUI_jowi" : "Уик",
	"VoidUI_chico" : "Тони",
	"VoidUI_assault_1" : "Сколько у тебя консолей Nintendo?",
	"VoidUI_assault_2" : "Этосообщениереальнореально",
	"VoidUI_assault_3" : "Обходи эту шелупонь",
	"VoidUI_assault_4" : ":csdmad:",
	"VoidUI_assault_5" : "Какая длина у этой строки?",
	"VoidUI_assault_6" : "А вот и тревога, понеслась",
	"VoidUI_assault_7" : "Отправляем клокер-дозера",
	"VoidUI_assault_8" : "Покупайте Scrungo coins",
	"VoidUI_assault_9" : "Предзакажите Payday Battle Royale уже сегодня!",
	"VoidUI_assault_10" : "Черт, нам нужны эти варщики",
	"VoidUI_assault_11" : "Надеюсь, тебе нравились навыки для глушителей",
	"VoidUI_assault_12" : "Dead Game",
	"VoidUI_assault_13" : "Кенто умрет в конце Войны Бесконечности",
	"VoidUI_assault_14" : "Не пытайтесь повторить",
	"VoidUI_assault_15" : "Халявная карма для iceman78772",
	"VoidUI_assault_16" : "Вы жульничаете, используя моды",
	"VoidUI_assault_17" : "Местный стример становится забавной пасхалкой",
	"VoidUI_assault_18" : "НАМ НУЖНО ВЫТАЩИТЬ ХОКСТОНА",
	"VoidUI_assault_19" : "Джулс верни мету",
	"VoidUI_assault_20" : "Стреляй!",
	"VoidUI_assault_21" : "Вас выгнали из игры",
	"VoidUI_assault_22" : "Секретное сообщение о штурме является косметическим",
	"VoidUI_assault_23" : "Теперь на 60% больше вылетов",
	"VoidUI_assault_24" : "Работает со стабильными 30FPS",
	"VoidUI_assault_25" : "No mercy отменят в 2015",
	"VoidUI_assault_26" : "На колени перед Сообщением О Штурме!",
	
	"VoidUI_options_title" : "Void UI",
	"VoidUI_options_desc" : "Измените вид Void UI",
	"VoidUI_ingame_hud" : "Внутриигровой HUD",  
	"VoidUI_interface" : "Пользовательский Интерфейс",  
	"VoidUI_extras" : "Дополнительно",	
	"VoidUI_hud_scale_title" : "Общий размер HUD",
	"VoidUI_hud_scale_desc" : "Размер каждого элемента. \nЭлементы могут быть изменены по отдельности",
	"VoidUI_outlines_title" : "Цвет обводки конвертов",
	"VoidUI_outlines_desc" : "Сделать цвет обводки конвертированных полицейских таким же, как и у владельца",
	"VoidUI_assault_lines_title" : "Сообщения о штурме",
	"VoidUI_assault_lines_desc" : "Добавить сообщения от координатора о следующем штурме.\n\n[Отключено: Не напоминать]\n[Простой: 30 секунд до начала]\n[Стандартный: 30, 20, и 10 секунд до начала]",
	"VoidUI_reset_title" : "Сбросить настройки",
	"VoidUI_reset_desc" : "Сбросить все настройки до значения по умолчанию",
	"VoidUI_reset_confirm" : "Вы уверены что хотите сбросить Void UI до начальной кофигурации? Это действие нельзя отменить.",
	"VoidUI_warning_title" : "Настройки изменены",
	"VoidUI_warning_desc" : "Некоторые изменения не вступят в силу до следующего ограбления",
	"VoidUI_warning_confirm" : "Не предупреждать снова",
	"VoidUI_tooltip_reset" : "Сбросить $BTN_RESET",
	"VoidUI_tooltip_reset_cnt" : "$BTN_RESET Сбросить",
	"VoidUI_tooltip_steps" : "$BTN_STEP Большой шаг ползунка",
	
	"VoidUI_hudteammate_title" : "Панели игрока и напарников",
	"VoidUI_hudteammate_desc" : "Настройки вашей панели и панелей напарников",
	"VoidUI_teammate_panels_title" : "Включить панели игрока и напарников",
	"VoidUI_teammate_panels_decs" : "Включить стиль Void UI для панелей игрока и напарников",
	
	"VoidUI_main_panel" : "Панель игрока",	
	"VoidUI_main_scale_title" : "Размер панели",
	"VoidUI_main_scale_desc" : "Размер вашей панели",	
	"VoidUI_main_health_title" : "Здоровье",
	"VoidUI_main_health_desc" : "Способ отображения вашего здоровья.\n\n[Отключено: Не показывать]\n[Проценты: Процентное соотношение текущего/общего значения здоровья]\n[Настоящая величина: Фактическое значение текущего состояния здоровья]",
	"VoidUI_main_anim_time_title" : "Время анимации здоровья",
	"VoidUI_main_anim_time_desc" : "Время анимации изменения здоровья при лечении/получении урона (в секундах)",
	"VoidUI_armor_title" : "Броня",
	"VoidUI_armor_desc" : "Способ отображения вашей брони.\n\n[Отключено: Не показывать]\n[Проценты: Процентное соотношение текущего/общего значения брони]\n[Настоящая величина: Фактическое значение текущего состояния брони]",
	"VoidUI_total_title" : "Запас патронов",  	    
	"VoidUI_total_decs" : "Показывать количество боеприпасов в запасе вместо общего количества",	
	"VoidUI_main_loud_title" : "Падения",  	    
	"VoidUI_main_loud_desc" : "Показывать число оставшихся падений до попадания под стражу (только громкий подход)",
	"VoidUI_main_stealth_title" : "Мешки для трупов",  	    
	"VoidUI_main_stealth_desc" : "Показывать количество оставшихся мешков для трупов (только тихий подход)",	
	"VoidUI_ammo_pickup_title" : "Подобранные патроны",  	    
	"VoidUI_ammo_pickup_desc" : "Показывать количество подобранных патронов",		
	"VoidUI_main_fg_title" : "Передний план",  	    
	"VoidUI_main_fg_desc" : "Цвет обводки, текста и иконок на панели игрока",	

	"VoidUI_mate_panel" : "Панели напарников",	
	"VoidUI_mate_scale_title" : "Размер панелей",
	"VoidUI_mate_scale_desc" : "Размер панелей ваших напарников",   
	"VoidUI_mate_health_desc" : "Способ отображения здоровья ваших напарников.\n\n[Отключено: Не показывать]\n[Проценты: Процентное соотношение текущего/общего значения здоровья]\n[Настоящая величина: Фактическое значение текущего состояния здоровья]",
	"VoidUI_mate_anim_time_desc" :  "Время анимации изменения здоровья напарников при лечении/получении урона (в секундах)",
	"VoidUI_mate_armor_desc" : "Способ отображения брони ваших напарников.\n\n[Отключено: Не показывать]\n[Проценты: Процентное соотношение текущего/общего значения брони]\n[Настоящая величина: Фактическое значение текущего состояния брони]",
	"VoidUI_mate_loud_title" : "Падения напарников",  	    
	"VoidUI_mate_loud_desc" : "Показывать число оставшихся падений у напарников до попадания под стражу (только громкий подход)",
	"VoidUI_mate_stealth_title" : "Риск обнаружения",  	    
	"VoidUI_mate_stealth_desc" : "Показывать риск обнаружения напарников на их шкале здоровья (только тихий подход)",	
	"VoidUI_mate_name_title" : "Репутация и уровень",  	    
	"VoidUI_mate_name_desc" : "Показывать уровень дурной репутации и уровень игрока перед именем",
	"VoidUI_mate_interact_title" : "Время взаимодействия", 
	"VoidUI_mate_interact_desc" : "Показывать время, оставшееся до конца взаимодействия напарников",	
	"VoidUI_mate_show_title" : "Показывать панели напарников",
	"VoidUI_mate_show_desc" : "Способ отображения панелей напарников. \n\n[Скрыть: Никогда не показывать панели напарников]\n[Только игроки: Спрятать панели ботов]\n[Все: Показывать панели и ботов, и игроков]",  		
	"VoidUI_fire_auto" : "Авто",
	"VoidUI_fire_semi" : "Один.",
	"VoidUI_fire_burst" : "Очередь",
	
	"VoidUI_objectives_title" : "Таймер ограбления и Задачи",
	"VoidUI_objectives_desc" : "Настройки панелей таймера ограбления и задач",
	"VoidUI_objectives_scale_title" : "Размер панели",
	"VoidUI_objectives_scale_desc" : "Размер панели с таймером и панели задач",
	"VoidUI_objectives_show_timer_title" : "Показывать таймер ограбления",
	"VoidUI_objectives_show_timer_desc" : "Показать или скрыть таймер \n\n[Скрыть: Никогда не показывать]\n[Боковая панель: Показывать только при нажатии клавиши Tab]\n[Показать: Всегда показывать]",
	"VoidUI_timer_panel" : "Таймер ограбления",
	"VoidUI_enable_timer_title" : "Включить панель таймера",
	"VoidUI_enable_timer_desc" : "Включить стиль Void UI для панели таймера",
	"VoidUI_levelname_title" : "Текущий день",
	"VoidUI_levelname_desc" : "Показывать наименование дня ограбления",
	"VoidUI_ghost_title" : "Иконка призрака",
	"VoidUI_ghost_desc" : "Показывать иконку призрака на ограблениях с тихим подходом. Иконка становится красной при провале",
	"VoidUI_loot_title" : "Показывать добычу",
	"VoidUI_loot_desc" : "Показывать количество украденной во время ограбления добычи",
	"VoidUI_objectives_panel" : "Панель задач",
	"VoidUI_enable_objectives_title" : "Включить панель задач",
	"VoidUI_enable_objectives_desc" : "Включить стиль Void UI для панели задач",
	"VoidUI_objective_history_title" : "Список задач",
	"VoidUI_objective_history_desc" : "Количество выполненных задач, которое может быть отображено",
	"VoidUI_objectives_show_title" : "Показывать панель задач",
	"VoidUI_objectives_show_desc" : "Показать или скрыть панель задач \n\n[Скрыть: Никогда не показывать]\n[Боковая панель: Показывать только при нажатии клавиши Tab]\n[Показать: Всегда показывать]",
	
	"VoidUI_assault_title" : "Панель штурма",
	"VoidUI_assault_desc" : "Настройки панели штурма",	
	"VoidUI_enable_assault_title" : "Включить панель штурма",
	"VoidUI_enable_assault_decs" : "Включить стиль Void UI для панели штурма",
	"VoidUI_assault_scale_title" : "Размер панели",
	"VoidUI_assault_scale_desc" : "Размер панели штурма",
	"VoidUI_badge_title" : "Полицейский значок",
	"VoidUI_badge_desc" : "Показывать иконку полицейского значка во время штурма",
	"VoidUI_badge_anim_title" : "Анимация пульсации значка",
	"VoidUI_badge_anim_desc" : "Добавить эффект 'пульсации' значку",
	"VoidUI_hostages_title" : "Разделить заложников",
	"VoidUI_hostages_desc" : "Показывать гражданских и полицейских заложников в отдельных панелях (только громкий подход)",
	"VoidUI_pagers_title" : "Количество пейджеров",
	"VoidUI_pagers_desc" : "Показывать количество оставшихся пейджеров (только тихий подход)\nДля корректной работы, вам необходимо быть на ограблении с начала",
	"VoidUI_jammer_title" : "Время генератора помех",
	"VoidUI_jammer_desc" : "Показывать время работы установленных генераторов помех (только тихий подход)\n\n[Скрыть: Никогда не показывать]\n[Первый: Когда установлено несколько генераторов, показывать самый первый]\n[Последний: Когда установлено несколько генераторов, показывать самый последний]",
	
	"VoidUI_chat_clipboard" : "Сообщение скопированно в буфер",
	"VoidUI_chat_title" : "Игровой чат",
	"VoidUI_chat_desc" : "Настройки игрового чата",
	"VoidUI_text_chat"	: "Текстовый чат",
	"VoidUI_enable_chat_title" : "Включить текстовый чат",
	"VoidUI_enable_chat_decs" : "Включить стиль Void UI для чата",
	"VoidUI_chat_scale_title" : "Размер чата",
	"VoidUI_chat_scale_desc" : "Размер игрового чата",
	"VoidUI_chat_mouse_title" : "Использовать мышь",
	"VoidUI_chat_mouse_desc" : "Позволяет пользоваться мышью в чате. С ее помощью вы можете быстрее листать и копировать сообщения",
	"VoidUI_charactername_title" : "Показывать персонажа",
	"VoidUI_charactername_desc" : "Показывать имя персонажа отправителя в скобках",
	"VoidUI_chattime_title" : "Показывать время",
	"VoidUI_chattime_desc" : "Показывать время отправления сообщения. \n\n[Скрыть: Никогда не показывать]\n[Игровое время: Время с начала текущего дня ограбления]\n[Системное время: Время на ПК]",
	"VoidUI_chat_copy_title" : "Копировать сообщения",
	"VoidUI_chat_copy_desc" : "Какая именно часть сообщения копируется в буфер при нажатии правой кнопки мыши",
	"VoidUI_voice_chat"	: "Голосовой чат",
	"VoidUI_enable_voice_title" : "Включить панель голосового чата",
	"VoidUI_enable_voice_decs" : "Включить стиль Void UI для индикаторов игроков в голосовом чате",
	"VoidUI_voice_scale_title" : "Размер индикаторов",
	"VoidUI_voice_scale_desc" : "Размер индикаторов голосового чата",
	"VoidUI_voice_name_title" : "Показывать имена",
	"VoidUI_voice_name_desc" : "Показывать имена участников чата",
	
	"VoidUI_label_title" : "Подписи и маркеры",
	"VoidUI_label_desc" : "Настройки плавающих подписей и маркеров",	
	"VoidUI_label" : "Имена",
	"VoidUI_enable_labels_title" : "Включить имена",
	"VoidUI_enable_labels_desc" : "Включить стиль Void UI для имен",
	"VoidUI_jokernames_title" : "Имена конвертов",
	"VoidUI_jokernames_desc" : "Добавить имена конвертированным полицейским",
	"VoidUI_jokerhealth_title" : "Здоровье конвертов",
	"VoidUI_jokerhealth_desc" : "Показывать здоровье конвертированных полицейских рядом с именем",
	"VoidUI_label_scale_title" : "Размер имени",
	"VoidUI_label_scale_desc" : "Размер поля с именем",
	"VoidUI_label_upper_title" : "Заглавные буквы",
	"VoidUI_label_upper_desc" : "Писать имена заглавными буквами",
	"VoidUI_minlabel_title" : "Режим уменьшения (minmode)",
	"VoidUI_minlabel_desc" : "Имена будут становиться меньше, если владелец находится далеко или не находится в вашем поле зрения",
	"VoidUI_label_minscale_title" : "Размер имени в minmode",
	"VoidUI_label_minscale_desc" : "Размер поля с именем в режиме уменьшения",
	"VoidUI_minrank_title" : "Показывать репутацию и уровень в minmode",
	"VoidUI_minrank_desc" : "Показывать уровень дурной репутации и уровень игрока в полях с именем напарников в режиме уменьшения",
	"VoidUI_mindist_title" : "Дальность minmode",
	"VoidUI_mindist_desc" : "Расстояние, на котором поля с именами переходят в режим уменьшения (в метрах)",
	"VoidUI_mindot_title" : "Угол отключения minmode",
	"VoidUI_mindot_desc" : "Угол обзора, в котором отключается minmode на именах других игроков",
	"VoidUI_waypoints" : "Маркеры",
	"VoidUI_enable_waypoints_title" : "Включить маркеры",
	"VoidUI_enable_waypoints_desc" : "Включить стиль Void UI для маркеров",
	"VoidUI_waypoint_scale_title" : "Размер маркеров",
	"VoidUI_waypoint_scale_desc" : "Размер маркеров задач и знаковых маркеров",
	"VoidUI_waypoint_radius_title" : "Смещение маркеров",
	"VoidUI_waypoint_radius_desc" : "Насколько далеко от центра экрана отображаются маркеры, если источник находится за пределами экрана",
	"VoidUI_waypoint_offscreen_title" : "Показывать маркеры",
	"VoidUI_waypoint_offscreen_desc" : "Показывать маркеры, если их источник находится за пределами экрана",
	
	"VoidUI_interact_title" : "Взаимодействие и обнаружение",
	"VoidUI_interact_desc" : "Настройки панелей взаимодействия и обнаружения",
	"VoidUI_interact" : "Панель взаимодействия",
	"VoidUI_enable_interact_title" : "Включить панель взаимодействия",
	"VoidUI_enable_interact_desc" : "Включить стиль Void UI для панели взаимодействия",
	"VoidUI_interact_scale_title" : "Размер панели",
	"VoidUI_interact_scale_desc" : "Размер панели взаимодейтвия",
	"VoidUI_interact_y_title" : "Позиция по оси Y",
	"VoidUI_interact_y_desc" : "Вертикальное положение панели взаимодействия относительно центра экрана",
	"VoidUI_interacttime_title" : "Время взаимодействия",
	"VoidUI_interacttime_desc" : "Показывать время до конца взаимодействия",
	"VoidUI_suspicion" : "Панель обнаружения",
	"VoidUI_enable_suspicion_title" : "Включить панель обнаружения",
	"VoidUI_enable_suspicion_desc" : "Включить стиль Void UI для панели обнаружения",
	"VoidUI_suspicion_y_title" : "Позиция по оси Y",
	"VoidUI_suspicion_y_desc" : "Вертикальное положение панели обнаружения относительно центра экрана",
	"VoidUI_suspicion_scale_title" : "Размер панели",
	"VoidUI_suspicion_scale_desc" : "Размер панели обнаружения",
		
	"VoidUI_stats_title" : "Экран статистики",
	"VoidUI_stats_desc" : "Настройки экрана статистики при нажатии Tab",
	"VoidUI_enable_stats_title" : "Включить экран статистики",
	"VoidUI_enable_stats_desc" : "Включить экран статистики Void UI",
	"VoidUI_scoreboard_scale_title" : "Размер панели",
	"VoidUI_scoreboard_scale_desc" : "Размер панели экрана статистики",
	"VoidUI_blur_title" : "Размытие",
	"VoidUI_blur_desc" : "Включить размытие задего плана при вызове экрана статистики",
	"VoidUI_scoreboard_maxlevel_title" : "Показывать XP при максимальном уровне",
	"VoidUI_scoreboard_maxlevel_desc" : "Показывать шкалу опыта при достижении уровня 100",
	"VoidUI_scoreboard" : "Счет",
	"VoidUI_scoreboard_title" : "Включить счет",
	"VoidUI_scoreboard_desc" : "Добавить счет на экран статистики, где вы сможете увидеть статистику вас и ваших друзей",
	"VoidUI_scoreboard_accuracy_title" : "Меткость",
	"VoidUI_scoreboard_accuracy_desc" : "Показывать вашу меткость стрельбы в текущем дне ограбления",
	"VoidUI_scoreboard_delay_title" : "Задержка обмена",
	"VoidUI_scoreboard_delay_desc" : "Показывать, сколько нужно ждать до обмена, если вы под арестом",
	"VoidUI_scoreboard_character_title" : "Персонаж",
	"VoidUI_scoreboard_character_desc" : "Показывать маску вашего персонажа",
	"VoidUI_scoreboard_skills_title" : "Навыки",
	"VoidUI_scoreboard_skills_desc" : "Показывать количество очков навыков, потраченных игроком в каждой ветке",
	"VoidUI_scoreboard_kills_title" : "Убийства",
	"VoidUI_scoreboard_kills_desc" : "Показывать количество убитых игроком противников\n\n[Отключено: Не показывать]\n[Без спецов: Не учитывать спец противников в общем списке]\n[Со спецами: Учитывать спец противников в общем списке]",
	"VoidUI_scoreboard_specials_title" : "Спец противники",
	"VoidUI_scoreboard_specials_desc" : "Показывать количество убитых игроком спец противников",
	"VoidUI_scoreboard_civs_title" : "Гражданске",
	"VoidUI_scoreboard_civs_desc" : "Показывать количество убитых игроком гражданских",
	"VoidUI_scoreboard_downs_title" : "Падения",
	"VoidUI_scoreboard_downs_desc" : "Показывать сколько раз упал игрок",
	"VoidUI_scoreboard_weapons_title" : "Оружие/маски ботов",
	"VoidUI_scoreboard_weapons_desc" : "Показывать экипированное основное, второстепенное оружие игрока (маску для ботов), а также оружие ближнего боя",
	"VoidUI_scoreboard_armor_title" : "Броня",
	"VoidUI_scoreboard_armor_desc" : "Показывать надетую на игрока броню",
	"VoidUI_scoreboard_skins_title" : "Скин оружия",
	"VoidUI_scoreboard_skins_desc" : "Показывать скин на оружии игрока\n\n[Отключено: Не показывать]\n[С редкостью: Показывать цвет редкости за иконкой оружия]\n[Без редкости: Не показывать цвет редкости за иконкой оружия]",
	"VoidUI_scoreboard_perk_title" : "Перки/навыки команды",
	"VoidUI_scoreboard_perk_desc" : "Показывать перк игрока и уровень перка (бонусы навыков для ботов)",
	"VoidUI_scoreboard_playtime_title" : "Время/командные бонусы",
	"VoidUI_scoreboard_playtime_desc" : "Показывать количество часов, проведенных игроком в игре, если его профиль открыт (командные бонусы для ботов)",
	"VoidUI_scoreboard_ping_title" : "Задержка/пинг",
	"VoidUI_scoreboard_ping_desc" : "Показывать пинг других игроков",
	"VoidUI_ping_frequency_title" : "Частота обновления пинга",
	"VoidUI_ping_frequency_desc" : "Насколько часто обновляется значение пинга (в секундах)",
	"VoidUI_scoreboard_toggle_title" : "Переключение",
	"VoidUI_scoreboard_toggle_desc" : "Кнопка переключения между счетом и отслеживаемыми достижениями",
	"VoidUI_error" : "Ошибка Steam",
	"VoidUI_private" : "Скрытый профиль",
	"VoidUI_hidden" : "Время скрыто",
	"VoidUI_player" : "Игрок",
	"VoidUI_kills" : "Убийства",
	"VoidUI_specials" : "Спецы",
	"VoidUI_civs" : "Гражданские",
	"VoidUI_downs" : "Падения",
	"VoidUI_perk" : "Перк",
	"VoidUI_playtime" : "Время в игре",
	"VoidUI_ping" : "Пинг",
	"VoidUI_nosong" : "НИЧЕГО",
	
	"VoidUI_presenter_title" : "Уведомления",
	"VoidUI_presenter_desc" : "Настройки уведомлений",
	"VoidUI_enable_presenter_title" : "Включить уведомления",
	"VoidUI_enable_presenter_desc" : "Включить стиль Void UI для уведомлений",
	"VoidUI_presenter_scale_title" : "Размер панели",
	"VoidUI_presenter_scale_desc" : "Размер панели уведомлений",
	"VoidUI_presenter_buffer_title" : "Максимум уведомлений",
	"VoidUI_presenter_buffer_desc" : "Максимальное число уведомлений, отображаемых одновременно",
	"VoidUI_presenter_sound_title" : "Отключить звук",
	"VoidUI_presenter_sound_desc" : "Отключить звук появления подсказок и уведомлений",
	"VoidUI_presenter_panel" : "Уведомления",
	"VoidUI_hint_panel" : "Подсказки",
	"VoidUI_enable_hint_title" : "Включить подсказки",
	"VoidUI_enable_hint_desc" : "Включить стиль Void UI для подсказок",
	"VoidUI_hint_scale_title" : "Размер текста",
	"VoidUI_hint_scale_desc" : "Размер текста подсказок",
	"VoidUI_hint_anim_title" : "Анимация",
	"VoidUI_hint_anim_desc" : "Добавить подсказкам эффект 'выскакивания'",
	"VoidUI_hint_color_title" : "Цвета",
	"VoidUI_hint_color_desc" : "Выделять цветом имена игроков в подсказках",
	"VoidUI_vape_hints_title" : "Убойный тандем",
	"VoidUI_vape_hints_desc" : "Отображать подсказку при отметке/получении отметки перком 'Убойный тандем'. Также добавляет подсветку на несколько секунд",	
	"VoidUI_challanges_panel" : "Испытания",
	"VoidUI_enable_challanges_title" : "Сообщения об испытаниях",
	"VoidUI_enable_challanges_desc" : "Добавить стиль Void UI для сообщений об испытаниях",
	"VoidUI_hint_challanges_desc" : "Размер панели сообщений об испытаниях",
	
	"VoidUI_tag_team_owner" : "Вы отметили $NAME!",
	"VoidUI_tag_team_owner_joker" : "Вы отметили конверта $NAME!",
	"VoidUI_tag_team_tagged" : "$NAME отметил(а) вас!",
	
	"VoidUI_subtitles_title" : "Субтитры",
	"VoidUI_subtitles_desc" : "Настройки субтитров",
	"VoidUI_enable_subtitles_title" : "Включить субтитры",
	"VoidUI_enable_subtitles_desc" : "Включить стиль Void UI для субтитров",
	"VoidUI_subtitle_scale_title" : "Размер",
	"VoidUI_subtitle_scale_desc" : "Размер субтитров",
	"VoidUI_subtitles_bg_title" : "Стиль заднего плана",
	"VoidUI_subtitles_bg_desc" : "Стиль заднего плана субтитров\n\n[Отключено: Нет заднего плана]\n[Тень: Добавить тени субтитрам]\n[Цвет: Добавить цветной фон субтитрам]",
	
	"VoidUI_blackscreen_title" : "Введение и экран загрузки",
	"VoidUI_blackscreen_desc" : "Настройки введения ограбления (черный экран) и экрана загрузки",
	"VoidUI_blackscreen" : "Введение",
	"VoidUI_enable_blackscreen_title" : "Добавить введение",
	"VoidUI_enable_blackscreen_desc" : "Добавить введение Void UI к ограблениям",
	"VoidUI_blackscreen_map_title" : "Текущий день",
	"VoidUI_blackscreen_map_desc" : "Показывать текущий день ограбления",
	"VoidUI_blackscreen_risk_title" : "Уровень сложности",
	"VoidUI_blackscreen_risk_desc" : "Показывать наименование уровня сложности ограбления",
	"VoidUI_blackscreen_skull_title" : "Иконки сложности",
	"VoidUI_blackscreen_skull_desc" : "Показывать иконки черепов в зависимости от уровня сложности ограбления",
	"VoidUI_blackscreen_linger_title" : "Плавный переход",
	"VoidUI_blackscreen_linger_desc" : "Плавный переход от введения к игре",
	"VoidUI_blackscreen_time_title" : "Таймер пропуска",
	"VoidUI_blackscreen_time_desc" : "Сколько необходимо удерживать Enter для пропуска введения",
	"VoidUI_skip_blackscreen"	:	"Нажмите $BTN_ACCEPT чтобы пропустить",
	"VoidUI_loading_others"		:	"И еще $PLAYERS игрок(а)",
	"VoidUI_loading" : "Экраны загрузки",
	"VoidUI_enable_loadingscreen_title" : "Включить экраны загрузки",
	"VoidUI_enable_loadingscreen_desc" : "Включить экраны загрузки Void UI",
	"VoidUI_loading_heistinfo_title" : "Информация",
	"VoidUI_loading_heistinfo_desc" : "Показывать информацию об ограблении (название, заказчик, уровень сложности и т.д)",
	"VoidUI_loading_players_title" : "Игроки",
	"VoidUI_loading_players_desc" : "Показывать имена игроков, к которым вы присоединены",
	"VoidUI_loading_briefing_title" : "Брифинг",
	"VoidUI_loading_briefing_desc" : "Показывать брифинг заказчика перед ограблением",

	"VoidUI_joining_title" : "Присоединяющиеся игроки",
	"VoidUI_joining_desc" : "Настройки панели игроков, присоединяющихся во время игры",
	"VoidUI_enable_joining_title" : "Включить панель",
	"VoidUI_enable_joining_desc" : "Включить стиль Void UI для панели присоединяющихся игроков",
	"VoidUI_joining_rank_desc" : "Показывать уровень присоединяющегося игрока и дурную репутацию",
	"VoidUI_joining_time_title" : "Оставшееся время",
	"VoidUI_joining_time_desc" : "Показывать примерное время до присоединения игрока",
	"VoidUI_joining_border_title" : "Цветная панель",
	"VoidUI_joining_border_desc" : "Панель будет использовать цвет присоединяющегося игрока",
	"VoidUI_joining_anim_title" : "Анимация",
	"VoidUI_joining_anim_desc" : "Стиль анимации панели\n\n[Неподвижно: Не анимировать]\n[Вращение: Панель медленно вращается слева направо]\n[Пульсация: Панель медлено увеличивается и уменьшается]\n[Вращение и пульсация: Панель одновременно и вращается, и пульсирует]",
	"VoidUI_joining_mods_title" : "Показывать моды",
	"VoidUI_joining_mods_desc" : "Показывает установленные моды присоединяющегося игрока",
	"VoidUI_joining_mods_scale_title" : "Размер панели модов",
	"VoidUI_joining_mods_scale_desc" : "Размер панели установленных модов",
	"VoidUI_joining_drawing_title" : "Рисование",
	"VoidUI_joining_drawing_desc" : "Позволяет рисовать на экране присоединения путем зажатия Ctrl + Левая Кнопка Мыши",
	
	"VoidUI_disabled" : "Скрыть",
	"VoidUI_ecm_first" : "Первый",
	"VoidUI_ecm_last" : "Последний",
	"VoidUI_health_percentage" : "Проценты",
	"VoidUI_health_real" : "Настоящая величина",
	"VoidUI_gametime" : "Игровое время",
	"VoidUI_realtime" : "Системное время",
	"VoidUI_disable" : "Отключено",
	"VoidUI_chat_message" : "Только сообщение",
	"VoidUI_chat_name" : "Игрок: сообщение",
	"VoidUI_chat_character" : "Персонаж: сообщение",
	"VoidUI_chat_name_character" : "Игрок (персонаж): сообщение",
	"VoidUI_assault_lines_30sec" : "Простой",
	"VoidUI_assault_lines_every10sec" : "Стандартный",
	"VoidUI_nonspecial" : "Без спецов",
	"VoidUI_withspecial" : "Со спецами",
	"VoidUI_rarity" : "С редкостью",
	"VoidUI_norarity" : "Без редкости",
	"VoidUI_on_scoreboard"	:"Боковая панель",
	"VoidUI_show" : "Показывать",
	"VoidUI_subtitles_shadow" : "Тень",
	"VoidUI_subtitles_fill" : "Цвет",
	"VoidUI_jump" : "Клавиша прыжка",
	"VoidUI_crouch" : "Клавиша приседания",
	"VoidUI_rmb" : "Правая Кнопка Мыши",
	"VoidUI_joining_anim_off" : "Неподвижно",
	"VoidUI_joining_anim_rot" : "Вращение",
	"VoidUI_joining_anim_grow" : "Пульсация",
	"VoidUI_joining_anim_full" : "Вращение и пульсация",
	"VoidUI_red" : "КРАСНЫЙ",
	"VoidUI_green" : "ЗЕЛЕНЫЙ",
	"VoidUI_blue" : "СИНИЙ",
	"VoidUI_not_ai" : "Только игроки",

	"VoidUI_fire_volley" : "Volley"
	
}
